sha,author,date,message
379402922eeb2823d069587852c9d2ed657f31ce,krishnaik06,2023-01-13,Update README.md
b0c69dec978248f27ee6f84c067b1726bb8188b1,krishnaik06,2023-01-11,Update README.md
065636a9c58aed3ef455198dc479cb0e8c1ce49d,krishnaik06,2023-01-11,Update README.md
61c3cc84086c788e9ef4c8a7a10eca2014f8e3ef,krishnaik06,2023-01-10,Update README.md
f6b84848693f62da40297c88b0293f3e7ee85dd3,krishnaik06,2023-01-07,Update README.md
e0921ae4274811e6f0f4c58f6d54921d5cb3929f,krishnaik06,2023-01-07,Update README.md
61880abc5eb1955ab8c4f0cc4ea5e80b56b01c03,krishnaik06,2023-01-07,Update README.md
3bac62e0185e81a3b92f0f20d43060eb138cb92f,krishnaik06,2023-01-07,Update README.md
3f4ce24bebe1f2ac240b800f205ba46e5a264a4b,krishnaik06,2023-01-07,Update README.md
d07270dae9c567ba5d8a4380bc4751241b5b3736,krishnaik06,2023-01-07,Update README.md
d790c9aac8c96fdfc12c38a218c2688f920bcecc,krishnaik06,2023-01-07,Update README.md
9a3f0701175e083e33847cb605b594a6a08b604a,krishnaik06,2023-01-07,Update README.md
f5178c779cbb518aa0a8a6243b7980f3ab188ba5,krishnaik06,2023-01-07,Update Readme File
f1f9ee4894f0ddf8f99ee1049edb210bd73a298f,krishnaik06,2023-01-07,Initial commit
